"_id","nodeID","sensirion_temp","sensirion_hum","intersema_press","infrared_light","light","accel_x","accel_y","date"
"58bdfe30eddacbc9013ca98f","12","30.470000000000006","53.8237010125","1000","0","0","242","123","2017-03-07T00:44:32.000Z"
"58bdfe30eddacbc9013ca991","11","30.130000000000003","50.209495072","1000","0","0","215","171","2017-03-07T00:44:33.000Z"
"58bdfe4eeddacbc9013ca999","12","30.470000000000006","53.791715282000006","1000","0","0","213","121","2017-03-07T00:45:02.000Z"
"58bdfe4eeddacbc9013ca99b","11","30.130000000000003","50.209495072","1000","0","0","191","170","2017-03-07T00:45:03.000Z"
"58bdfe6ceddacbc9013ca9a3","12","30.46","53.790324082000005","1000","0","0","213","122","2017-03-07T00:45:32.000Z"
"58bdfe6ceddacbc9013ca9a5","11","30.130000000000003","50.241804612500005","1000","0","0","191","170","2017-03-07T00:45:33.000Z"
"58bdfe8aeddacbc9013ca9ad","12","30.470000000000006","53.75972636050001","1000","0","0","213","121","2017-03-07T00:46:02.000Z"
"58bdfe8aeddacbc9013ca9af","11","30.119999999999997","50.24050061250001","1000","0","0","191","170","2017-03-07T00:46:03.000Z"
"58bdfea8eddacbc9013ca9b7","12","30.46","53.85429075200001","1000","0","0","242","123","2017-03-07T00:46:32.000Z"
"58bdfea8eddacbc9013ca9b9","11","30.130000000000003","50.209495072","1000","0","0","215","171","2017-03-07T00:46:33.000Z"
"58bdfec6eddacbc9013ca9c1","12","30.46","53.82230901250001","1000","0","0","213","121","2017-03-07T00:47:02.000Z"
"58bdfec6eddacbc9013ca9c3","11","30.140000000000008","50.210798272000005","1000","0","0","191","170","2017-03-07T00:47:03.000Z"
"58bdfee4eddacbc9013ca9cb","12","30.479999999999997","53.72912384800001","1000","0","0","213","121","2017-03-07T00:47:32.000Z"
"58bdfee4eddacbc9013ca9cd","11","30.140000000000008","50.210798272000005","1000","0","0","191","170","2017-03-07T00:47:33.000Z"
"58bdff02eddacbc9013ca9d5","12","30.470000000000006","53.791715282000006","1000","0","0","213","121","2017-03-07T00:48:02.000Z"
"58bdff02eddacbc9013ca9d7","11","30.130000000000003","50.209495072","1000","0","0","191","170","2017-03-07T00:48:03.000Z"
"58bdff20eddacbc9013ca9df","12","30.470000000000006","53.8237010125","1000","0","0","242","124","2017-03-07T00:48:32.000Z"
"58bdff20eddacbc9013ca9e1","11","30.140000000000008","50.210798272000005","1000","0","0","215","171","2017-03-07T00:48:33.000Z"
"58bdff3eeddacbc9013ca9e9","12","30.470000000000006","53.791715282000006","1000","0","0","213","121","2017-03-07T00:49:02.000Z"
"58bdff3eeddacbc9013ca9eb","11","30.140000000000008","50.210798272000005","1000","0","0","202","178","2017-03-07T00:49:03.000Z"
"58bdff5ceddacbc9013ca9f3","12","30.470000000000006","53.791715282000006","1000","0","0","213","121","2017-03-07T00:49:32.000Z"
"58bdff5ceddacbc9013ca9f5","11","30.140000000000008","50.210798272000005","1000","0","0","191","170","2017-03-07T00:49:33.000Z"
"58bdff7aeddacbc9013ca9fd","12","30.470000000000006","53.8237010125","1000","0","0","213","121","2017-03-07T00:50:02.000Z"
"58bdff7aeddacbc9013ca9ff","11","30.130000000000003","50.209495072","1000","0","0","191","177","2017-03-07T00:50:03.000Z"
"58bdff98eddacbc9013caa07","12","30.470000000000006","53.75972636050001","1000","0","0","242","124","2017-03-07T00:50:32.000Z"
"58bdff98eddacbc9013caa09","11","30.140000000000008","50.210798272000005","1000","0","0","215","159","2017-03-07T00:50:33.000Z"
"58bdffb6eddacbc9013caa11","12","30.470000000000006","53.791715282000006","1000","0","0","213","121","2017-03-07T00:51:02.000Z"
"58bdffb6eddacbc9013caa13","11","30.140000000000008","50.178484740500004","1000","0","0","191","170","2017-03-07T00:51:03.000Z"
"58bdffd4eddacbc9013caa1b","12","30.470000000000006","53.8237010125","1000","0","0","213","121","2017-03-07T00:51:33.000Z"
"58bdffd4eddacbc9013caa1d","11","30.140000000000008","50.210798272000005","1000","0","0","191","166","2017-03-07T00:51:33.000Z"
"58bdfff2eddacbc9013caa25","12","30.470000000000006","53.855683552000016","1000","0","0","213","121","2017-03-07T00:52:02.000Z"
"58bdfff2eddacbc9013caa27","11","30.140000000000008","50.210798272000005","1000","0","0","191","167","2017-03-07T00:52:03.000Z"
"58be0010eddacbc9013caa2f","12","30.46","53.82230901250001","1000","0","0","242","124","2017-03-07T00:52:32.000Z"
"58be0010eddacbc9013caa31","11","30.140000000000008","50.210798272000005","1000","0","0","215","185","2017-03-07T00:52:33.000Z"
"58be002eeddacbc9013caa39","12","30.46","53.790324082000005","1000","0","0","213","121","2017-03-07T00:53:02.000Z"
"58be002eeddacbc9013caa3b","11","30.15","50.21210147200001","1000","0","0","191","170","2017-03-07T00:53:03.000Z"
"58be004ceddacbc9013caa43","12","30.470000000000006","53.855683552000016","1000","0","0","213","121","2017-03-07T00:53:32.000Z"
"58be004ceddacbc9013caa45","11","30.140000000000008","50.210798272000005","1000","0","0","191","170","2017-03-07T00:53:33.000Z"
"58be006aeddacbc9013caa4d","12","30.479999999999997","53.825093012500005","1000","0","0","213","121","2017-03-07T00:54:02.000Z"
"58be006aeddacbc9013caa4f","11","30.160000000000004","50.213404672","1000","0","0","191","170","2017-03-07T00:54:03.000Z"
"58be0088eddacbc9013caa57","12","30.46","53.82230901250001","1000","0","0","242","124","2017-03-07T00:54:32.000Z"
"58be0088eddacbc9013caa59","11","30.15","50.21210147200001","1000","0","0","215","171","2017-03-07T00:54:33.000Z"
"58be00a6eddacbc9013caa61","12","30.470000000000006","53.75972636050001","1000","0","0","213","121","2017-03-07T00:55:02.000Z"
"58be00a6eddacbc9013caa63","11","30.160000000000004","50.213404672","1000","0","0","191","170","2017-03-07T00:55:03.000Z"
"58be00c4eddacbc9013caa6b","12","30.470000000000006","53.791715282000006","1000","0","0","213","121","2017-03-07T00:55:32.000Z"
"58be00c4eddacbc9013caa6d","11","30.15","50.21210147200001","1000","0","0","191","170","2017-03-07T00:55:33.000Z"
"58be00e2eddacbc9013caa75","12","30.470000000000006","53.791715282000006","1000","0","0","213","121","2017-03-07T00:56:02.000Z"
"58be00e2eddacbc9013caa77","11","30.160000000000004","50.213404672","1000","0","0","191","170","2017-03-07T00:56:03.000Z"
"58be0100eddacbc9013caa7f","12","30.470000000000006","53.791715282000006","1000","0","0","242","123","2017-03-07T00:56:32.000Z"
"58be0100eddacbc9013caa81","11","30.140000000000008","50.210798272000005","1000","0","0","219","177","2017-03-07T00:56:33.000Z"
"58be011eeddacbc9013caa89","12","30.470000000000006","53.855683552000016","1000","0","0","212","121","2017-03-07T00:57:02.000Z"
"58be011eeddacbc9013caa8b","11","30.15","50.21210147200001","1000","0","0","191","170","2017-03-07T00:57:03.000Z"
"58be013ceddacbc9013caa93","12","30.470000000000006","53.791715282000006","1000","0","0","213","121","2017-03-07T00:57:32.000Z"
"58be013ceddacbc9013caa95","11","30.160000000000004","50.213404672","1000","0","0","191","170","2017-03-07T00:57:33.000Z"
"58be015aeddacbc9013caa9d","12","30.470000000000006","53.791715282000006","1000","0","0","213","121","2017-03-07T00:58:02.000Z"
"58be015aeddacbc9013caa9f","11","30.15","50.21210147200001","1000","0","0","191","170","2017-03-07T00:58:03.000Z"
"58be0178eddacbc9013caaa7","12","30.479999999999997","53.793106482000006","1000","0","0","242","124","2017-03-07T00:58:32.000Z"
"58be0178eddacbc9013caaa9","11","30.160000000000004","50.181089540500004","1000","0","0","194","156","2017-03-07T00:58:33.000Z"
"58be0196eddacbc9013caab1","12","30.479999999999997","53.825093012500005","1000","0","0","213","121","2017-03-07T00:59:02.000Z"
"58be0196eddacbc9013caab3","11","30.160000000000004","50.181089540500004","1000","0","0","191","170","2017-03-07T00:59:03.000Z"
"58be01b4eddacbc9013caabb","12","30.479999999999997","53.76111676050001","1000","0","0","213","121","2017-03-07T00:59:32.000Z"
"58be01b4eddacbc9013caabd","11","30.160000000000004","50.213404672","1000","0","0","191","170","2017-03-07T00:59:33.000Z"
"58be01d2eddacbc9013caac5","12","30.479999999999997","53.857076352000014","1000","0","0","213","121","2017-03-07T01:00:02.000Z"
"58be01d2eddacbc9013caac7","11","30.160000000000004","50.181089540500004","1000","0","0","191","170","2017-03-07T01:00:03.000Z"
"58be01f0eddacbc9013caacf","12","30.479999999999997","53.88905650050001","1000","0","0","242","124","2017-03-07T01:00:32.000Z"
"58be01f0eddacbc9013caad1","11","30.17000000000001","50.182391940500004","1000","0","0","215","171","2017-03-07T01:00:33.000Z"
"58be020eeddacbc9013caad9","12","30.479999999999997","53.857076352000014","1000","0","0","213","121","2017-03-07T01:01:02.000Z"
"58be020eeddacbc9013caadb","11","30.160000000000004","50.181089540500004","1000","0","0","191","170","2017-03-07T01:01:03.000Z"
"58be022ceddacbc9013caae3","12","30.470000000000006","53.855683552000016","1000","0","0","213","121","2017-03-07T01:01:32.000Z"
"58be022ceddacbc9013caae5","11","30.18","50.183694340500004","1000","0","0","191","170","2017-03-07T01:01:33.000Z"
"58be024aeddacbc9013caaed","12","30.479999999999997","53.825093012500005","1000","0","0","213","121","2017-03-07T01:02:03.000Z"
"58be024aeddacbc9013caaef","11","30.17000000000001","50.182391940500004","1000","0","0","191","170","2017-03-07T01:02:03.000Z"
"58be0268eddacbc9013caaf7","12","30.479999999999997","53.88905650050001","1000","0","0","242","123","2017-03-07T01:02:32.000Z"
"58be0268eddacbc9013caaf9","11","30.18","50.183694340500004","1000","0","0","215","171","2017-03-07T01:02:33.000Z"
"58be0286eddacbc9013cab01","12","30.470000000000006","53.88766290050001","1000","0","0","213","121","2017-03-07T01:03:03.000Z"
"58be0286eddacbc9013cab03","11","30.18","50.21601107200001","1000","0","0","191","165","2017-03-07T01:03:03.000Z"
"58be02a4eddacbc9013cab0b","12","30.479999999999997","53.857076352000014","1000","0","0","213","121","2017-03-07T01:03:32.000Z"
"58be02a4eddacbc9013cab0d","11","30.17000000000001","50.214707872000005","1000","0","0","191","180","2017-03-07T01:03:33.000Z"
"58be02c2eddacbc9013cab15","12","30.490000000000002","53.85846915200001","1000","0","0","213","122","2017-03-07T01:04:03.000Z"
"58be02c2eddacbc9013cab17","11","30.160000000000004","50.213404672","1000","0","0","191","170","2017-03-07T01:04:03.000Z"
"58be02e0eddacbc9013cab1f","12","30.479999999999997","53.857076352000014","1000","0","0","242","123","2017-03-07T01:04:32.000Z"
"58be02e0eddacbc9013cab21","11","30.17000000000001","50.182391940500004","1000","0","0","215","171","2017-03-07T01:04:33.000Z"
"58be02feeddacbc9013cab29","12","30.479999999999997","53.857076352000014","1000","0","0","213","121","2017-03-07T01:05:02.000Z"
"58be02feeddacbc9013cab2b","11","30.18","50.183694340500004","1000","0","0","191","170","2017-03-07T01:05:03.000Z"
"58be031ceddacbc9013cab33","12","30.479999999999997","53.857076352000014","1000","0","0","213","121","2017-03-07T01:05:32.000Z"
"58be031ceddacbc9013cab35","11","30.18","50.183694340500004","1000","0","0","191","165","2017-03-07T01:05:33.000Z"
"58be033aeddacbc9013cab3d","12","30.490000000000002","53.89045010050001","1000","0","0","213","121","2017-03-07T01:06:02.000Z"
"58be033aeddacbc9013cab3f","11","30.18","50.21601107200001","1000","0","0","191","168","2017-03-07T01:06:03.000Z"
"58be0358eddacbc9013cab47","12","30.490000000000002","53.85846915200001","1000","0","0","242","124","2017-03-07T01:06:33.000Z"
"58be0358eddacbc9013cab49","11","30.18","50.21601107200001","1000","0","0","215","171","2017-03-07T01:06:33.000Z"
"58be0376eddacbc9013cab51","12","30.490000000000002","53.85846915200001","1000","0","0","213","121","2017-03-07T01:07:02.000Z"
"58be0376eddacbc9013cab53","11","30.190000000000005","50.184996740500004","1000","0","0","191","170","2017-03-07T01:07:03.000Z"
"58be0394eddacbc9013cab5b","12","30.479999999999997","53.857076352000014","1000","0","0","213","121","2017-03-07T01:07:32.000Z"
"58be0394eddacbc9013cab5d","11","30.190000000000005","50.217314272","1000","0","0","191","170","2017-03-07T01:07:33.000Z"
"58be03b2eddacbc9013cab65","12","30.470000000000006","53.91963905800001","1000","0","0","213","121","2017-03-07T01:08:02.000Z"
"58be03b2eddacbc9013cab67","11","30.190000000000005","50.184996740500004","1000","0","0","191","170","2017-03-07T01:08:03.000Z"
"58be03d0eddacbc9013cab6f","12","30.490000000000002","53.85846915200001","1000","0","0","242","124","2017-03-07T01:08:33.000Z"
"58be03d0eddacbc9013cab71","11","30.18","50.21601107200001","1000","0","0","215","171","2017-03-07T01:08:33.000Z"
"58be03eeeddacbc9013cab79","12","30.490000000000002","53.89045010050001","1000","0","0","213","121","2017-03-07T01:09:03.000Z"
"58be03eeeddacbc9013cab7b","11","30.18","50.21601107200001","1000","0","0","191","170","2017-03-07T01:09:03.000Z"
"58be040ceddacbc9013cab83","12","30.490000000000002","53.92242785800001","1000","0","0","213","121","2017-03-07T01:09:32.000Z"
"58be040ceddacbc9013cab85","11","30.190000000000005","50.217314272","1000","0","0","191","170","2017-03-07T01:09:33.000Z"
"58be042aeddacbc9013cab8d","12","30.490000000000002","53.89045010050001","1000","0","0","213","121","2017-03-07T01:10:03.000Z"
"58be042aeddacbc9013cab8f","11","30.20000000000001","50.218617472000005","1000","0","0","9","177","2017-03-07T01:10:03.000Z"
"58be0448eddacbc9013cab97","12","30.470000000000006","53.95161202450001","1000","0","0","242","123","2017-03-07T01:10:33.000Z"
"58be0448eddacbc9013cab99","11","30.20000000000001","50.218617472000005","1000","0","0","215","171","2017-03-07T01:10:33.000Z"
"58be0466eddacbc9013caba1","12","30.479999999999997","53.92103345800001","1000","0","0","213","121","2017-03-07T01:11:03.000Z"
"58be0466eddacbc9013caba3","11","30.20000000000001","50.218617472000005","1000","0","0","255","179","2017-03-07T01:11:03.000Z"
"58be0484eddacbc9013cabab","12","30.490000000000002","53.92242785800001","1000","0","0","213","121","2017-03-07T01:11:32.000Z"
"58be0484eddacbc9013cabad","11","30.190000000000005","50.217314272","1000","0","0","202","179","2017-03-07T01:11:33.000Z"
"58be04a2eddacbc9013cabb5","12","30.479999999999997","53.88905650050001","1000","0","0","213","121","2017-03-07T01:12:02.000Z"
"58be04a2eddacbc9013cabb7","11","30.190000000000005","50.184996740500004","1000","0","0","191","183","2017-03-07T01:12:03.000Z"
"58be04c0eddacbc9013cabbf","12","30.479999999999997","53.92103345800001","1000","0","0","242","124","2017-03-07T01:12:33.000Z"
"58be04c0eddacbc9013cabc1","11","30.20000000000001","50.186299140500005","1000","0","0","191","170","2017-03-07T01:12:33.000Z"
"58be04deeddacbc9013cabc9","12","30.490000000000002","53.92242785800001","1000","0","0","213","121","2017-03-07T01:13:03.000Z"
"58be04deeddacbc9013cabcb","11","30.190000000000005","50.217314272","1000","0","0","202","168","2017-03-07T01:13:03.000Z"
"58be04fceddacbc9013cabd3","12","30.479999999999997","53.92103345800001","1000","0","0","213","121","2017-03-07T01:13:33.000Z"
"58be04fceddacbc9013cabd5","11","30.190000000000005","50.217314272","1000","0","0","191","170","2017-03-07T01:13:33.000Z"
"58be051aeddacbc9013cabdd","12","30.479999999999997","53.92103345800001","1000","0","0","213","121","2017-03-07T01:14:03.000Z"
"58be051aeddacbc9013cabdf","11","30.21","50.187601540500005","1000","0","0","191","179","2017-03-07T01:14:03.000Z"
"58be0538eddacbc9013cabe7","12","30.490000000000002","53.9544024245","1000","0","0","242","124","2017-03-07T01:14:33.000Z"
"58be0538eddacbc9013cabe9","11","30.20000000000001","50.15397761800001","1000","0","0","215","171","2017-03-07T01:14:33.000Z"
"58be0556eddacbc9013cabf1","12","30.490000000000002","53.89045010050001","1000","0","0","213","121","2017-03-07T01:15:03.000Z"
"58be0556eddacbc9013cabf3","11","30.21","50.187601540500005","1000","0","0","191","170","2017-03-07T01:15:03.000Z"
"58be0574eddacbc9013cabfb","12","30.490000000000002","53.92242785800001","1000","0","0","213","121","2017-03-07T01:15:33.000Z"
"58be0574eddacbc9013cabfd","11","30.20000000000001","50.186299140500005","1000","0","0","191","170","2017-03-07T01:15:33.000Z"
"58be0592eddacbc9013cac05","12","30.490000000000002","53.9544024245","1000","0","0","213","121","2017-03-07T01:16:03.000Z"
"58be0592eddacbc9013cac07","11","30.20000000000001","50.186299140500005","1000","0","0","254","205","2017-03-07T01:16:03.000Z"
"58be05b0eddacbc9013cac0f","12","30.490000000000002","53.9544024245","1000","0","0","242","123","2017-03-07T01:16:33.000Z"
"58be05b0eddacbc9013cac11","11","30.21","50.187601540500005","1000","0","0","215","171","2017-03-07T01:16:33.000Z"
"58be05ceeddacbc9013cac19","12","30.490000000000002","53.9544024245","1000","0","0","213","121","2017-03-07T01:17:03.000Z"
"58be05ceeddacbc9013cac1b","11","30.20000000000001","50.15397761800001","1000","0","0","191","170","2017-03-07T01:17:03.000Z"
"58be05eceddacbc9013cac23","12","30.500000000000007","53.98776980000001","1000","0","0","213","121","2017-03-07T01:17:33.000Z"
"58be05eceddacbc9013cac25","11","30.21","50.187601540500005","1000","0","0","29","177","2017-03-07T01:17:33.000Z"
"58be060aeddacbc9013cac2d","12","30.500000000000007","53.95579762450001","1000","0","0","213","121","2017-03-07T01:18:03.000Z"
"58be060aeddacbc9013cac2f","11","30.20000000000001","50.186299140500005","1000","0","0","191","168","2017-03-07T01:18:03.000Z"
"58be0628eddacbc9013cac37","12","30.490000000000002","53.98637380000001","1000","0","0","242","123","2017-03-07T01:18:33.000Z"
"58be0628eddacbc9013cac39","11","30.20000000000001","50.186299140500005","1000","0","0","215","171","2017-03-07T01:18:33.000Z"
"58be0646eddacbc9013cac41","12","30.500000000000007","53.95579762450001","1000","0","0","213","121","2017-03-07T01:19:03.000Z"
"58be0646eddacbc9013cac43","11","30.220000000000006","50.188903940500005","1000","0","0","191","170","2017-03-07T01:19:03.000Z"
"58be0664eddacbc9013cac4b","12","30.500000000000007","53.95579762450001","1000","0","0","213","121","2017-03-07T01:19:33.000Z"
"58be0664eddacbc9013cac4d","11","30.20000000000001","50.15397761800001","1000","0","0","191","170","2017-03-07T01:19:33.000Z"
"58be0682eddacbc9013cac55","12","30.500000000000007","54.01973878450001","1000","0","0","213","121","2017-03-07T01:20:03.000Z"
"58be0682eddacbc9013cac57","11","30.21","50.187601540500005","1000","0","0","191","170","2017-03-07T01:20:03.000Z"
"58be06a0eddacbc9013cac5f","12","30.490000000000002","53.98637380000001","1000","0","0","242","124","2017-03-07T01:20:33.000Z"
"58be06a0eddacbc9013cac61","11","30.21","50.15527921800001","1000","0","0","215","170","2017-03-07T01:20:33.000Z"
"58be06beeddacbc9013cac69","12","30.500000000000007","53.98776980000001","1000","0","0","213","121","2017-03-07T01:21:03.000Z"
"58be06beeddacbc9013cac6b","11","30.21","50.187601540500005","1000","0","0","191","170","2017-03-07T01:21:03.000Z"
"58be06dceddacbc9013cac73","12","30.490000000000002","53.9544024245","1000","0","0","213","121","2017-03-07T01:21:33.000Z"
"58be06dceddacbc9013cac75","11","30.220000000000006","50.15658081800001","1000","0","0","191","170","2017-03-07T01:21:33.000Z"
"58be06faeddacbc9013cac7d","12","30.490000000000002","54.01834198450001","1000","0","0","213","121","2017-03-07T01:22:03.000Z"
"58be06faeddacbc9013cac7f","11","30.220000000000006","50.15658081800001","1000","0","0","190","170","2017-03-07T01:22:03.000Z"
"58be0718eddacbc9013cac87","12","30.490000000000002","53.98637380000001","1000","0","0","242","124","2017-03-07T01:22:33.000Z"
"58be0718eddacbc9013cac89","11","30.21","50.15527921800001","1000","0","0","215","171","2017-03-07T01:22:33.000Z"
"58be0736eddacbc9013cac91","12","30.500000000000007","54.05170457800001","1000","0","0","213","121","2017-03-07T01:23:03.000Z"
"58be0736eddacbc9013cac93","11","30.229999999999997","50.15788241800001","1000","0","0","191","170","2017-03-07T01:23:03.000Z"
"58be0754eddacbc9013cac9b","12","30.500000000000007","53.98776980000001","1000","0","0","213","121","2017-03-07T01:23:33.000Z"
"58be0754eddacbc9013cac9d","11","30.220000000000006","50.188903940500005","1000","0","0","191","170","2017-03-07T01:23:33.000Z"
"58be0772eddacbc9013caca5","12","30.500000000000007","53.98776980000001","1000","0","0","213","121","2017-03-07T01:24:03.000Z"
"58be0772eddacbc9013caca7","11","30.229999999999997","50.190206340500005","1000","0","0","191","160","2017-03-07T01:24:03.000Z"
"58be0790eddacbc9013cacaf","12","30.520000000000003","54.05449977800001","1000","0","0","242","123","2017-03-07T01:24:33.000Z"
"58be0790eddacbc9013cacb1","11","30.220000000000006","50.188903940500005","1000","0","0","215","171","2017-03-07T01:24:33.000Z"
"58be07aeeddacbc9013cacb9","12","30.490000000000002","54.08226878050001","1000","0","0","213","121","2017-03-07T01:25:03.000Z"
"58be07aeeddacbc9013cacbb","11","30.229999999999997","50.222527072000005","1000","0","0","191","170","2017-03-07T01:25:03.000Z"
"58be07cceddacbc9013cacc3","12","30.500000000000007","54.08366718050001","1000","0","0","213","121","2017-03-07T01:25:33.000Z"
"58be07cceddacbc9013cacc5","11","30.220000000000006","50.188903940500005","1000","0","0","191","170","2017-03-07T01:25:33.000Z"
"58be07eaeddacbc9013caccd","12","30.500000000000007","54.01973878450001","1000","0","0","217","132","2017-03-07T01:26:03.000Z"
"58be07eaeddacbc9013caccf","11","30.220000000000006","50.188903940500005","1000","0","0","191","170","2017-03-07T01:26:03.000Z"
"58be0808eddacbc9013cacd7","12","30.500000000000007","54.01973878450001","1000","0","0","242","124","2017-03-07T01:26:33.000Z"
"58be0808eddacbc9013cacd9","11","30.229999999999997","50.190206340500005","1000","0","0","215","171","2017-03-07T01:26:33.000Z"
"58be0826eddacbc9013cace1","12","30.500000000000007","54.01973878450001","1000","0","0","213","121","2017-03-07T01:27:03.000Z"
"58be0826eddacbc9013cace3","11","30.229999999999997","50.190206340500005","1000","0","0","17","178","2017-03-07T01:27:03.000Z"
"58be0844eddacbc9013caceb","12","30.500000000000007","54.05170457800001","1000","0","0","213","121","2017-03-07T01:27:33.000Z"
"58be0844eddacbc9013caced","11","30.240000000000002","50.191508740500005","1000","0","0","191","170","2017-03-07T01:27:33.000Z"
"58be0862eddacbc9013cacf5","12","30.490000000000002","54.114227392000004","1000","0","0","213","121","2017-03-07T01:28:03.000Z"
"58be0862eddacbc9013cacf7","11","30.240000000000002","50.15918401800001","1000","0","0","191","170","2017-03-07T01:28:03.000Z"
"58be0880eddacbc9013cacff","12","30.490000000000002","54.08226878050001","1000","0","0","242","124","2017-03-07T01:28:33.000Z"
"58be0880eddacbc9013cad01","11","30.229999999999997","50.190206340500005","1000","0","0","215","207","2017-03-07T01:28:33.000Z"
"58be089eeddacbc9013cad09","12","30.500000000000007","54.14758281250001","1000","0","0","213","121","2017-03-07T01:29:03.000Z"
"58be089eeddacbc9013cad0b","11","30.229999999999997","50.15788241800001","1000","0","0","191","170","2017-03-07T01:29:03.000Z"
"58be08bceddacbc9013cad13","12","30.500000000000007","54.17953584200001","1000","0","0","213","121","2017-03-07T01:29:33.000Z"
"58be08bceddacbc9013cad15","11","30.229999999999997","50.15788241800001","1000","0","0","191","170","2017-03-07T01:29:33.000Z"
"58be08daeddacbc9013cad1d","12","30.490000000000002","54.14618281250001","1000","0","0","213","121","2017-03-07T01:30:03.000Z"
"58be08daeddacbc9013cad1f","11","30.229999999999997","50.15788241800001","1000","0","0","191","170","2017-03-07T01:30:03.000Z"
"58be08f7eddacbc9013cad27","12","30.490000000000002","54.14618281250001","1000","0","0","242","123","2017-03-07T01:30:33.000Z"
"58be08f8eddacbc9013cad29","11","30.229999999999997","50.15788241800001","1000","0","0","215","188","2017-03-07T01:30:33.000Z"
"58be0916eddacbc9013cad31","12","30.490000000000002","54.14618281250001","1000","0","0","213","121","2017-03-07T01:31:03.000Z"
"58be0916eddacbc9013cad33","11","30.240000000000002","50.15918401800001","1000","0","0","191","170","2017-03-07T01:31:03.000Z"
"58be0934eddacbc9013cad3b","12","30.490000000000002","54.114227392000004","1000","0","0","213","121","2017-03-07T01:31:33.000Z"
"58be0934eddacbc9013cad3d","11","30.229999999999997","50.15788241800001","1000","0","0","191","170","2017-03-07T01:31:33.000Z"
"58be0952eddacbc9013cad45","12","30.479999999999997","54.08087038050001","1000","0","0","213","121","2017-03-07T01:32:03.000Z"
"58be0952eddacbc9013cad47","11","30.240000000000002","50.15918401800001","1000","0","0","191","170","2017-03-07T01:32:03.000Z"
"58be0970eddacbc9013cad4f","12","30.479999999999997","54.11282819200001","1000","0","0","242","123","2017-03-07T01:32:33.000Z"
"58be0970eddacbc9013cad51","11","30.240000000000002","50.15918401800001","999","0","0","191","170","2017-03-07T01:32:33.000Z"
"58be098eeddacbc9013cad59","12","30.500000000000007","54.14758281250001","1000","0","0","213","121","2017-03-07T01:33:03.000Z"
"58be098eeddacbc9013cad5b","11","30.240000000000002","50.191508740500005","999","0","0","191","170","2017-03-07T01:33:03.000Z"
"58be09aceddacbc9013cad63","12","30.490000000000002","54.17813504200001","1000","0","0","213","121","2017-03-07T01:33:33.000Z"
"58be09aceddacbc9013cad65","11","30.250000000000007","50.225133472","999","0","0","191","170","2017-03-07T01:33:33.000Z"
"58be09caeddacbc9013cad6d","12","30.500000000000007","54.14758281250001","1000","0","0","213","121","2017-03-07T01:34:03.000Z"
"58be09caeddacbc9013cad6f","11","30.250000000000007","50.192811140500005","999","0","0","191","170","2017-03-07T01:34:03.000Z"
"58be09e8eddacbc9013cad77","12","30.479999999999997","54.24062752800001","999","0","0","242","123","2017-03-07T01:34:33.000Z"
"58be09e8eddacbc9013cad79","11","30.240000000000002","50.191508740500005","999","0","0","215","170","2017-03-07T01:34:33.000Z"
"58be0a06eddacbc9013cad81","12","30.500000000000007","54.17953584200001","1000","0","0","213","121","2017-03-07T01:35:03.000Z"
"58be0a06eddacbc9013cad83","11","30.250000000000007","50.192811140500005","999","0","0","191","170","2017-03-07T01:35:03.000Z"
"58be0a24eddacbc9013cad8b","12","30.500000000000007","54.24343232800001","1000","0","0","213","121","2017-03-07T01:35:33.000Z"
"58be0a24eddacbc9013cad8d","11","30.250000000000007","50.225133472","1000","0","0","191","179","2017-03-07T01:35:33.000Z"
"58be0a42eddacbc9013cad95","12","30.500000000000007","54.17953584200001","999","0","0","213","121","2017-03-07T01:36:03.000Z"
"58be0a42eddacbc9013cad97","11","30.250000000000007","50.225133472","999","0","0","191","170","2017-03-07T01:36:03.000Z"
"58be0a60eddacbc9013cad9f","12","30.490000000000002","54.17813504200001","999","0","0","242","124","2017-03-07T01:36:33.000Z"
"58be0a60eddacbc9013cada1","11","30.250000000000007","50.225133472","999","0","0","215","172","2017-03-07T01:36:33.000Z"
"58be0a7eeddacbc9013cada9","12","30.500000000000007","54.14758281250001","999","0","0","213","121","2017-03-07T01:37:03.000Z"
"58be0a7eeddacbc9013cadab","11","30.240000000000002","50.22383027200001","999","0","0","191","170","2017-03-07T01:37:03.000Z"
"58be0a9ceddacbc9013cadb3","12","30.500000000000007","54.24343232800001","999","0","0","213","121","2017-03-07T01:37:33.000Z"
"58be0a9ceddacbc9013cadb5","11","30.250000000000007","50.225133472","999","0","0","191","170","2017-03-07T01:37:33.000Z"
"58be0abaeddacbc9013cadbd","12","30.500000000000007","54.17953584200001","999","0","0","213","121","2017-03-07T01:38:03.000Z"
"58be0abaeddacbc9013cadbf","11","30.240000000000002","50.22383027200001","999","0","0","191","170","2017-03-07T01:38:03.000Z"
"58be0ad8eddacbc9013cadc7","12","30.479999999999997","54.17673424200001","999","0","0","242","123","2017-03-07T01:38:33.000Z"
"58be0ad8eddacbc9013cadc9","11","30.259999999999998","50.226436672000006","999","0","0","215","181","2017-03-07T01:38:33.000Z"
"58be0af5eddacbc9013cadd1","12","30.509999999999998","54.308720050000005","999","0","0","213","121","2017-03-07T01:39:03.000Z"
"58be0af6eddacbc9013cadd3","11","30.250000000000007","50.225133472","999","0","0","191","170","2017-03-07T01:39:03.000Z"
"58be0b14eddacbc9013caddb","12","30.500000000000007","54.24343232800001","1000","0","0","213","121","2017-03-07T01:39:33.000Z"
"58be0b14eddacbc9013caddd","11","30.259999999999998","50.194113540500005","999","0","0","191","170","2017-03-07T01:39:33.000Z"
"58be0b31eddacbc9013cade5","12","30.509999999999998","54.212887280500006","999","0","0","213","121","2017-03-07T01:40:03.000Z"
"58be0b32eddacbc9013cade7","11","30.259999999999998","50.226436672000006","999","0","0","191","170","2017-03-07T01:40:03.000Z"
"58be0b50eddacbc9013cadef","12","30.500000000000007","54.211485680500004","999","0","0","242","123","2017-03-07T01:40:33.000Z"
"58be0b50eddacbc9013cadf1","11","30.259999999999998","50.226436672000006","999","0","0","215","171","2017-03-07T01:40:33.000Z"
"58be0b6eeddacbc9013cadf9","12","30.500000000000007","54.24343232800001","999","0","0","213","121","2017-03-07T01:41:03.000Z"
"58be0b6eeddacbc9013cadfb","11","30.259999999999998","50.226436672000006","999","0","0","191","170","2017-03-07T01:41:03.000Z"
"58be0b8ceddacbc9013cae03","12","30.490000000000002","54.273972584500015","999","0","0","213","121","2017-03-07T01:41:33.000Z"
"58be0b8ceddacbc9013cae05","11","30.259999999999998","50.194113540500005","999","0","0","191","170","2017-03-07T01:41:33.000Z"
"58be0baaeddacbc9013cae0d","12","30.500000000000007","54.307316050000004","999","0","0","213","122","2017-03-07T01:42:03.000Z"
"58be0baaeddacbc9013cae0f","11","30.270000000000003","50.195415940500006","999","0","0","2","208","2017-03-07T01:42:03.000Z"
"58be0bc7eddacbc9013cae17","12","30.500000000000007","54.24343232800001","999","0","0","242","124","2017-03-07T01:42:33.000Z"
"58be0bc8eddacbc9013cae19","11","30.270000000000003","50.195415940500006","999","0","0","215","171","2017-03-07T01:42:33.000Z"
"58be0be5eddacbc9013cae21","12","30.500000000000007","54.307316050000004","999","0","0","213","121","2017-03-07T01:43:03.000Z"
"58be0be6eddacbc9013cae23","11","30.259999999999998","50.194113540500005","999","0","0","191","170","2017-03-07T01:43:03.000Z"
"58be0c04eddacbc9013cae2b","12","30.500000000000007","54.307316050000004","999","0","0","213","121","2017-03-07T01:43:33.000Z"
"58be0c04eddacbc9013cae2d","11","30.270000000000003","50.195415940500006","999","0","0","191","170","2017-03-07T01:43:33.000Z"
"58be0c22eddacbc9013cae35","12","30.500000000000007","54.275375784500014","999","0","0","213","121","2017-03-07T01:44:03.000Z"
"58be0c22eddacbc9013cae37","11","30.259999999999998","50.194113540500005","999","0","0","191","170","2017-03-07T01:44:03.000Z"
"58be0c40eddacbc9013cae3f","12","30.500000000000007","54.307316050000004","999","0","0","242","123","2017-03-07T01:44:33.000Z"
"58be0c40eddacbc9013cae41","11","30.259999999999998","50.226436672000006","999","0","0","215","171","2017-03-07T01:44:33.000Z"
"58be0c5deddacbc9013cae49","12","30.490000000000002","54.24202992800001","999","0","0","213","121","2017-03-07T01:45:03.000Z"
"58be0c5eeddacbc9013cae4b","11","30.270000000000003","50.22773987200001","999","0","0","192","175","2017-03-07T01:45:03.000Z"
"58be0c7ceddacbc9013cae53","12","30.490000000000002","54.273972584500015","999","0","0","213","121","2017-03-07T01:45:33.000Z"
"58be0c7ceddacbc9013cae55","11","30.259999999999998","50.226436672000006","999","0","0","191","170","2017-03-07T01:45:33.000Z"
"58be0c99eddacbc9013cae5d","12","30.490000000000002","54.30591205","999","0","0","213","121","2017-03-07T01:46:03.000Z"
"58be0c9aeddacbc9013cae5f","11","30.259999999999998","50.226436672000006","999","0","0","191","216","2017-03-07T01:46:03.000Z"
"58be0cb7eddacbc9013cae67","12","30.490000000000002","54.24202992800001","999","0","0","242","123","2017-03-07T01:46:33.000Z"
"58be0cb8eddacbc9013cae69","11","30.28000000000001","50.229043072","999","0","0","215","171","2017-03-07T01:46:33.000Z"
"58be0cd6eddacbc9013cae71","12","30.490000000000002","54.30591205","999","0","0","213","122","2017-03-07T01:47:03.000Z"
"58be0cd6eddacbc9013cae73","11","30.270000000000003","50.195415940500006","999","0","0","191","170","2017-03-07T01:47:03.000Z"
"58be0cf4eddacbc9013cae7b","12","30.479999999999997","54.30450805","999","0","0","213","121","2017-03-07T01:47:33.000Z"
"58be0cf4eddacbc9013cae7d","11","30.28000000000001","50.229043072","999","0","0","191","170","2017-03-07T01:47:33.000Z"
"58be0d12eddacbc9013cae85","12","30.490000000000002","54.36978140800001","999","0","0","213","121","2017-03-07T01:48:03.000Z"
"58be0d12eddacbc9013cae87","11","30.270000000000003","50.22773987200001","999","0","0","191","170","2017-03-07T01:48:03.000Z"
"58be0d2feddacbc9013cae8f","12","30.490000000000002","54.30591205","999","0","0","242","124","2017-03-07T01:48:33.000Z"
"58be0d30eddacbc9013cae91","11","30.28000000000001","50.229043072","999","0","0","215","171","2017-03-07T01:48:33.000Z"
"58be0d4deddacbc9013cae99","12","30.500000000000007","54.33925312450001","999","0","0","213","121","2017-03-07T01:49:03.000Z"
"58be0d4eeddacbc9013cae9b","11","30.270000000000003","50.22773987200001","999","0","0","191","170","2017-03-07T01:49:03.000Z"
"58be0d6beddacbc9013caea3","12","30.490000000000002","54.33784832450001","999","0","0","213","121","2017-03-07T01:49:33.000Z"
"58be0d6ceddacbc9013caea5","11","30.28000000000001","50.229043072","999","0","0","191","170","2017-03-07T01:49:33.000Z"
"58be0d89eddacbc9013caead","12","30.490000000000002","54.33784832450001","999","0","0","213","121","2017-03-07T01:50:03.000Z"
"58be0d8aeddacbc9013caeaf","11","30.28000000000001","50.229043072","999","0","0","191","170","2017-03-07T01:50:03.000Z"
"58be0da7eddacbc9013caeb7","12","30.500000000000007","54.307316050000004","999","0","0","242","124","2017-03-07T01:50:33.000Z"
"58be0da8eddacbc9013caeb9","11","30.28000000000001","50.229043072","999","0","0","215","171","2017-03-07T01:50:33.000Z"
"58be0dc5eddacbc9013caec1","12","30.490000000000002","54.33784832450001","999","0","0","213","121","2017-03-07T01:51:03.000Z"
"58be0dc6eddacbc9013caec3","11","30.28000000000001","50.26136461250001","999","0","0","191","150","2017-03-07T01:51:03.000Z"
"58be0de3eddacbc9013caecb","12","30.500000000000007","54.307316050000004","999","0","0","213","121","2017-03-07T01:51:33.000Z"
"58be0de4eddacbc9013caecd","11","30.28000000000001","50.26136461250001","999","0","0","191","188","2017-03-07T01:51:33.000Z"
"58be0e01eddacbc9013caed5","12","30.500000000000007","54.37118700800001","1000","0","0","213","121","2017-03-07T01:52:03.000Z"
"58be0e02eddacbc9013caed7","11","30.28000000000001","50.229043072","999","0","0","191","170","2017-03-07T01:52:03.000Z"
"58be0e1feddacbc9013caedf","12","30.500000000000007","54.37118700800001","999","0","0","242","124","2017-03-07T01:52:33.000Z"
"58be0e20eddacbc9013caee1","11","30.28000000000001","50.26136461250001","999","0","0","215","171","2017-03-07T01:52:33.000Z"
"58be0e3deddacbc9013caee9","12","30.500000000000007","54.33925312450001","999","0","0","213","121","2017-03-07T01:53:03.000Z"
"58be0e3eeddacbc9013caeeb","11","30.29","50.26266861250001","999","0","0","191","170","2017-03-07T01:53:03.000Z"
"58be0e5beddacbc9013caef3","12","30.509999999999998","54.34065792450001","999","0","0","213","121","2017-03-07T01:53:33.000Z"
"58be0e5ceddacbc9013caef5","11","30.300000000000004","50.263972612500005","999","0","0","191","170","2017-03-07T01:53:33.000Z"
"58be0e79eddacbc9013caefd","12","30.500000000000007","54.37118700800001","999","0","0","213","121","2017-03-07T01:54:03.000Z"
"58be0e7aeddacbc9013caeff","11","30.29","50.26266861250001","999","0","0","191","170","2017-03-07T01:54:03.000Z"
"58be0e97eddacbc9013caf07","12","30.500000000000007","54.37118700800001","999","0","0","242","130","2017-03-07T01:54:33.000Z"
"58be0e98eddacbc9013caf09","11","30.29","50.230346272000006","999","0","0","215","171","2017-03-07T01:54:33.000Z"
"58be0eb5eddacbc9013caf11","12","30.500000000000007","54.37118700800001","999","0","0","213","121","2017-03-07T01:55:03.000Z"
"58be0eb6eddacbc9013caf13","11","30.28000000000001","50.229043072","999","0","0","191","170","2017-03-07T01:55:03.000Z"
"58be0ed3eddacbc9013caf1b","12","30.509999999999998","54.40452410050001","999","0","0","213","121","2017-03-07T01:55:33.000Z"
"58be0ed4eddacbc9013caf1d","11","30.29","50.26266861250001","999","0","0","191","170","2017-03-07T01:55:33.000Z"
"58be0ef1eddacbc9013caf25","12","30.500000000000007","54.40311770050001","999","0","0","213","121","2017-03-07T01:56:03.000Z"
"58be0ef2eddacbc9013caf27","11","30.29","50.230346272000006","999","0","0","191","170","2017-03-07T01:56:03.000Z"
"58be0f0feddacbc9013caf2f","12","30.509999999999998","54.40452410050001","999","0","0","242","124","2017-03-07T01:56:33.000Z"
"58be0f10eddacbc9013caf31","11","30.300000000000004","50.23164947200001","999","0","0","215","171","2017-03-07T01:56:33.000Z"
"58be0f2deddacbc9013caf39","12","30.500000000000007","54.40311770050001","999","0","0","213","122","2017-03-07T01:57:03.000Z"
"58be0f2eeddacbc9013caf3b","11","30.29","50.230346272000006","999","0","0","191","170","2017-03-07T01:57:03.000Z"
"58be0f4beddacbc9013caf43","12","30.500000000000007","54.43504520200001","999","0","0","213","121","2017-03-07T01:57:33.000Z"
"58be0f4ceddacbc9013caf45","11","30.29","50.26266861250001","999","0","0","191","170","2017-03-07T01:57:33.000Z"
"58be0f69eddacbc9013caf4d","12","30.500000000000007","54.37118700800001","999","0","0","213","121","2017-03-07T01:58:03.000Z"
"58be0f6aeddacbc9013caf4f","11","30.29","50.294987762000005","999","0","0","191","170","2017-03-07T01:58:03.000Z"
"58be0f87eddacbc9013caf57","12","30.500000000000007","54.43504520200001","999","0","0","242","124","2017-03-07T01:58:33.000Z"
"58be0f88eddacbc9013caf59","11","30.300000000000004","50.296292562000005","999","0","0","215","171","2017-03-07T01:58:33.000Z"
"58be0fa5eddacbc9013caf61","12","30.500000000000007","54.43504520200001","999","0","0","213","121","2017-03-07T01:59:03.000Z"
"58be0fa6eddacbc9013caf63","11","30.28000000000001","50.293682962000005","999","0","0","191","170","2017-03-07T01:59:03.000Z"
"58be0fc3eddacbc9013caf6b","12","30.500000000000007","54.43504520200001","999","0","0","213","121","2017-03-07T01:59:33.000Z"
"58be0fc4eddacbc9013caf6d","11","30.300000000000004","50.296292562000005","999","0","0","191","170","2017-03-07T01:59:33.000Z"
"58be0fe1eddacbc9013caf75","12","30.500000000000007","54.43504520200001","999","0","0","213","121","2017-03-07T02:00:03.000Z"
"58be0fe2eddacbc9013caf77","11","30.300000000000004","50.296292562000005","999","0","0","190","170","2017-03-07T02:00:03.000Z"
"58be0fffeddacbc9013caf7f","12","30.500000000000007","54.43504520200001","999","0","0","242","124","2017-03-07T02:00:33.000Z"
"58be1000eddacbc9013caf81","11","30.29","50.294987762000005","999","0","0","215","171","2017-03-07T02:00:33.000Z"
"58be101deddacbc9013caf89","12","30.500000000000007","54.37118700800001","999","0","0","213","121","2017-03-07T02:01:03.000Z"
"58be101eeddacbc9013caf8b","11","30.300000000000004","50.296292562000005","999","0","0","191","170","2017-03-07T02:01:03.000Z"
"58be103beddacbc9013caf93","12","30.500000000000007","54.37118700800001","999","0","0","213","121","2017-03-07T02:01:33.000Z"
"58be103ceddacbc9013caf95","11","30.29","50.32730372050001","999","0","0","191","170","2017-03-07T02:01:33.000Z"
"58be1059eddacbc9013caf9d","12","30.500000000000007","54.37118700800001","1000","0","0","213","122","2017-03-07T02:02:03.000Z"
"58be105aeddacbc9013caf9f","11","30.29","50.294987762000005","999","0","0","191","170","2017-03-07T02:02:03.000Z"
"58be1077eddacbc9013cafa7","12","30.509999999999998","54.43645240200001","999","0","0","242","124","2017-03-07T02:02:33.000Z"
"58be1078eddacbc9013cafa9","11","30.29","50.32730372050001","999","0","0","215","171","2017-03-07T02:02:33.000Z"
"58be1095eddacbc9013cafb1","12","30.500000000000007","54.37118700800001","999","0","0","213","122","2017-03-07T02:03:03.000Z"
"58be1096eddacbc9013cafb3","11","30.300000000000004","50.360922888000005","999","0","0","191","170","2017-03-07T02:03:03.000Z"
"58be10b3eddacbc9013cafbb","12","30.500000000000007","54.43504520200001","999","0","0","213","121","2017-03-07T02:03:33.000Z"
"58be10b4eddacbc9013cafbd","11","30.300000000000004","50.360922888000005","999","0","0","191","170","2017-03-07T02:03:33.000Z"
"58be10d1eddacbc9013cafc5","12","30.500000000000007","54.49889063200001","999","0","0","213","121","2017-03-07T02:04:03.000Z"
"58be10d2eddacbc9013cafc7","11","30.300000000000004","50.360922888000005","999","0","0","191","170","2017-03-07T02:04:03.000Z"
"58be10efeddacbc9013cafcf","12","30.500000000000007","54.43504520200001","1000","0","0","242","124","2017-03-07T02:04:33.000Z"
"58be10f0eddacbc9013cafd1","11","30.31000000000001","50.36222928800001","999","0","0","215","171","2017-03-07T02:04:33.000Z"
"58be110deddacbc9013cafd9","12","30.500000000000007","54.46696951250001","1000","0","0","213","121","2017-03-07T02:05:03.000Z"
"58be110eeddacbc9013cafdb","11","30.300000000000004","50.328609320500014","999","0","0","191","170","2017-03-07T02:05:03.000Z"
"58be112beddacbc9013cafe3","12","30.500000000000007","54.43504520200001","999","0","0","213","121","2017-03-07T02:05:33.000Z"
"58be112ceddacbc9013cafe5","11","30.29","50.35961648800001","999","0","0","191","170","2017-03-07T02:05:33.000Z"
"58be1149eddacbc9013cafed","12","30.509999999999998","54.500299432000006","999","0","0","213","121","2017-03-07T02:06:03.000Z"
"58be114aeddacbc9013cafef","11","30.300000000000004","50.360922888000005","999","0","0","191","170","2017-03-07T02:06:03.000Z"
"58be1167eddacbc9013caff7","12","30.500000000000007","54.49889063200001","999","0","0","242","123","2017-03-07T02:06:33.000Z"
"58be1168eddacbc9013caff9","11","30.300000000000004","50.39323326450001","999","0","0","215","171","2017-03-07T02:06:33.000Z"
"58be1185eddacbc9013cb001","12","30.500000000000007","54.43504520200001","1000","0","0","213","121","2017-03-07T02:07:03.000Z"
"58be1186eddacbc9013cb003","11","30.300000000000004","50.360922888000005","999","0","0","202","178","2017-03-07T02:07:03.000Z"
"58be11a3eddacbc9013cb00b","12","30.500000000000007","54.46696951250001","999","0","0","213","121","2017-03-07T02:07:33.000Z"
"58be11a4eddacbc9013cb00d","11","30.300000000000004","50.39323326450001","999","0","0","191","170","2017-03-07T02:07:33.000Z"
"58be11c1eddacbc9013cb015","12","30.500000000000007","54.46696951250001","1000","0","0","213","121","2017-03-07T02:08:03.000Z"
"58be11c2eddacbc9013cb017","11","30.31000000000001","50.36222928800001","999","0","0","191","170","2017-03-07T02:08:03.000Z"
"58be11dfeddacbc9013cb01f","12","30.490000000000002","54.46556151250001","999","0","0","242","122","2017-03-07T02:08:33.000Z"
"58be11e0eddacbc9013cb021","11","30.31000000000001","50.36222928800001","999","0","0","215","171","2017-03-07T02:08:33.000Z"
"58be11fdeddacbc9013cb029","12","30.490000000000002","54.497481832000005","999","0","0","213","121","2017-03-07T02:09:03.000Z"
"58be11feeddacbc9013cb02b","11","30.300000000000004","50.39323326450001","999","0","0","191","170","2017-03-07T02:09:03.000Z"
"58be121beddacbc9013cb033","12","30.509999999999998","54.43645240200001","999","0","0","213","121","2017-03-07T02:09:33.000Z"
"58be121ceddacbc9013cb035","11","30.300000000000004","50.360922888000005","999","0","0","191","170","2017-03-07T02:09:33.000Z"
"58be1239eddacbc9013cb03d","12","30.509999999999998","54.43645240200001","999","0","0","213","121","2017-03-07T02:10:03.000Z"
"58be123aeddacbc9013cb03f","11","30.300000000000004","50.360922888000005","999","0","0","191","170","2017-03-07T02:10:03.000Z"
"58be1257eddacbc9013cb047","12","30.500000000000007","54.43504520200001","1000","0","0","242","124","2017-03-07T02:10:33.000Z"
"58be1258eddacbc9013cb049","11","30.31000000000001","50.39454046450001","999","0","0","215","171","2017-03-07T02:10:33.000Z"
"58be1275eddacbc9013cb051","12","30.509999999999998","54.43645240200001","1000","0","0","213","121","2017-03-07T02:11:03.000Z"
"58be1276eddacbc9013cb053","11","30.31000000000001","50.36222928800001","999","0","0","191","170","2017-03-07T02:11:03.000Z"
"58be1293eddacbc9013cb05b","12","30.509999999999998","54.53221816050001","1000","0","0","213","121","2017-03-07T02:11:33.000Z"
"58be1294eddacbc9013cb05d","11","30.300000000000004","50.360922888000005","999","0","0","191","170","2017-03-07T02:11:33.000Z"
"58be12b1eddacbc9013cb065","12","30.500000000000007","54.46696951250001","999","0","0","213","121","2017-03-07T02:12:03.000Z"
"58be12b2eddacbc9013cb067","11","30.31000000000001","50.39454046450001","999","0","0","191","170","2017-03-07T02:12:03.000Z"
"58be12cfeddacbc9013cb06f","12","30.500000000000007","54.43504520200001","999","0","0","242","124","2017-03-07T02:12:33.000Z"
"58be12d0eddacbc9013cb071","11","30.31000000000001","50.39454046450001","999","0","0","215","171","2017-03-07T02:12:33.000Z"
"58be12ededdacbc9013cb079","12","30.509999999999998","54.500299432000006","1000","0","0","213","122","2017-03-07T02:13:03.000Z"
"58be12eeeddacbc9013cb07b","11","30.31000000000001","50.426848450000016","999","0","0","192","174","2017-03-07T02:13:03.000Z"
"58be130beddacbc9013cb083","12","30.500000000000007","54.53080856050001","999","0","0","213","121","2017-03-07T02:13:33.000Z"
"58be130ceddacbc9013cb085","11","30.32","50.42815645000001","999","0","0","191","170","2017-03-07T02:13:33.000Z"
"58be1329eddacbc9013cb08d","12","30.509999999999998","54.500299432000006","1000","0","0","213","121","2017-03-07T02:14:03.000Z"
"58be132aeddacbc9013cb08f","11","30.32","50.42815645000001","999","0","0","191","170","2017-03-07T02:14:03.000Z"
"58be1347eddacbc9013cb097","12","30.509999999999998","54.468377512500005","1000","0","0","242","123","2017-03-07T02:14:33.000Z"
"58be1348eddacbc9013cb099","11","30.32","50.42815645000001","999","0","0","215","177","2017-03-07T02:14:33.000Z"
"58be1365eddacbc9013cb0a1","12","30.509999999999998","54.43645240200001","1000","0","0","213","121","2017-03-07T02:15:03.000Z"
"58be1366eddacbc9013cb0a3","11","30.31000000000001","50.426848450000016","999","0","0","191","170","2017-03-07T02:15:03.000Z"
"58be1383eddacbc9013cb0ab","12","30.509999999999998","54.468377512500005","1000","0","0","213","121","2017-03-07T02:15:33.000Z"
"58be1384eddacbc9013cb0ad","11","30.31000000000001","50.426848450000016","999","0","0","191","170","2017-03-07T02:15:33.000Z"
"58be13a1eddacbc9013cb0b5","12","30.509999999999998","54.53221816050001","999","0","0","213","121","2017-03-07T02:16:03.000Z"
"58be13a2eddacbc9013cb0b7","11","30.32","50.42815645000001","999","0","0","191","170","2017-03-07T02:16:03.000Z"
"58be13bfeddacbc9013cb0bf","12","30.509999999999998","54.500299432000006","1000","0","0","242","123","2017-03-07T02:16:33.000Z"
"58be13c0eddacbc9013cb0c1","11","30.31000000000001","50.45915324450001","999","0","0","215","171","2017-03-07T02:16:33.000Z"
"58be13ddeddacbc9013cb0c9","12","30.509999999999998","54.500299432000006","999","0","0","213","122","2017-03-07T02:17:03.000Z"
"58be13deeddacbc9013cb0cb","11","30.32","50.42815645000001","999","0","0","191","170","2017-03-07T02:17:03.000Z"
"58be13fbeddacbc9013cb0d3","12","30.500000000000007","54.49889063200001","999","0","0","213","121","2017-03-07T02:17:33.000Z"
"58be13fceddacbc9013cb0d5","11","30.31000000000001","50.426848450000016","999","0","0","191","170","2017-03-07T02:17:33.000Z"
"58be1419eddacbc9013cb0dd","12","30.509999999999998","54.53221816050001","999","0","0","213","121","2017-03-07T02:18:03.000Z"
"58be141aeddacbc9013cb0df","11","30.32","50.42815645000001","999","0","0","191","174","2017-03-07T02:18:03.000Z"
"58be1437eddacbc9013cb0e7","12","30.509999999999998","54.53221816050001","999","0","0","242","124","2017-03-07T02:18:33.000Z"
"58be1438eddacbc9013cb0e9","11","30.31000000000001","50.45915324450001","999","0","0","215","173","2017-03-07T02:18:33.000Z"
"58be1455eddacbc9013cb0f1","12","30.509999999999998","54.564133698","999","0","0","213","121","2017-03-07T02:19:03.000Z"
"58be1456eddacbc9013cb0f3","11","30.32","50.460462044500005","999","0","0","191","170","2017-03-07T02:19:03.000Z"
"58be1473eddacbc9013cb0fb","12","30.509999999999998","54.53221816050001","999","0","0","213","121","2017-03-07T02:19:33.000Z"
"58be1474eddacbc9013cb0fd","11","30.31000000000001","50.45915324450001","999","0","0","191","170","2017-03-07T02:19:33.000Z"
"58be1491eddacbc9013cb105","12","30.500000000000007","54.562723298","1000","0","0","213","121","2017-03-07T02:20:03.000Z"
"58be1492eddacbc9013cb107","11","30.32","50.460462044500005","999","0","0","191","170","2017-03-07T02:20:03.000Z"
"58be14afeddacbc9013cb10f","12","30.509999999999998","54.59604604450001","999","0","0","242","124","2017-03-07T02:20:33.000Z"
"58be14b0eddacbc9013cb111","11","30.31000000000001","50.49145484800001","999","0","0","191","166","2017-03-07T02:20:33.000Z"
"58be14cdeddacbc9013cb119","12","30.509999999999998","54.564133698","1000","0","0","213","122","2017-03-07T02:21:03.000Z"
"58be14ceeddacbc9013cb11b","11","30.32","50.460462044500005","999","0","0","191","170","2017-03-07T02:21:03.000Z"
"58be14ebeddacbc9013cb123","12","30.509999999999998","54.564133698","999","0","0","213","121","2017-03-07T02:21:33.000Z"
"58be14eceddacbc9013cb125","11","30.31000000000001","50.45915324450001","999","0","0","191","170","2017-03-07T02:21:33.000Z"
"58be1509eddacbc9013cb12d","12","30.509999999999998","54.53221816050001","999","0","0","213","121","2017-03-07T02:22:03.000Z"
"58be150aeddacbc9013cb12f","11","30.32","50.460462044500005","999","0","0","191","170","2017-03-07T02:22:03.000Z"
"58be1527eddacbc9013cb137","12","30.520000000000003","54.565544098000004","999","0","0","242","124","2017-03-07T02:22:33.000Z"
"58be1528eddacbc9013cb139","11","30.32","50.460462044500005","999","0","0","215","171","2017-03-07T02:22:33.000Z"
"58be1545eddacbc9013cb141","12","30.500000000000007","54.62654320000001","999","0","0","213","122","2017-03-07T02:23:03.000Z"
"58be1546eddacbc9013cb143","11","30.32","50.460462044500005","999","0","0","191","170","2017-03-07T02:23:03.000Z"
"58be1563eddacbc9013cb14b","12","30.509999999999998","54.564133698","999","0","0","213","121","2017-03-07T02:23:33.000Z"
"58be1564eddacbc9013cb14d","11","30.31000000000001","50.45915324450001","999","0","0","191","170","2017-03-07T02:23:33.000Z"
"58be1581eddacbc9013cb155","12","30.509999999999998","54.59604604450001","999","0","0","213","121","2017-03-07T02:24:03.000Z"
"58be1582eddacbc9013cb157","11","30.31000000000001","50.45915324450001","999","0","0","191","170","2017-03-07T02:24:03.000Z"
"58be159feddacbc9013cb15f","12","30.500000000000007","54.594634844500014","999","0","0","242","124","2017-03-07T02:24:33.000Z"
"58be15a0eddacbc9013cb161","11","30.32","50.49276444800001","999","0","0","215","171","2017-03-07T02:24:33.000Z"
"58be15bdeddacbc9013cb169","12","30.509999999999998","54.564133698","999","0","0","213","121","2017-03-07T02:25:03.000Z"
"58be15beeddacbc9013cb16b","11","30.31000000000001","50.49145484800001","999","0","0","191","170","2017-03-07T02:25:03.000Z"
"58be15dbeddacbc9013cb173","12","30.490000000000002","54.625131200000006","999","0","0","213","122","2017-03-07T02:25:33.000Z"
"58be15dceddacbc9013cb175","11","30.32","50.49276444800001","999","0","0","191","170","2017-03-07T02:25:33.000Z"
"58be15f9eddacbc9013cb17d","12","30.500000000000007","54.62654320000001","999","0","0","213","122","2017-03-07T02:26:03.000Z"
"58be15faeddacbc9013cb17f","11","30.31000000000001","50.49145484800001","999","0","0","191","170","2017-03-07T02:26:03.000Z"
"58be1617eddacbc9013cb187","12","30.509999999999998","54.6279552","999","0","0","243","123","2017-03-07T02:26:33.000Z"
"58be1618eddacbc9013cb189","11","30.31000000000001","50.49145484800001","999","0","0","215","171","2017-03-07T02:26:33.000Z"
"58be1635eddacbc9013cb191","12","30.520000000000003","54.629367200000004","999","0","0","213","121","2017-03-07T02:27:03.000Z"
"58be1636eddacbc9013cb193","11","30.32","50.49276444800001","999","0","0","191","170","2017-03-07T02:27:03.000Z"
"58be1653eddacbc9013cb19b","12","30.509999999999998","54.65986116450001","999","0","0","213","121","2017-03-07T02:27:33.000Z"
"58be1654eddacbc9013cb19d","11","30.32","50.49276444800001","999","0","0","191","170","2017-03-07T02:27:33.000Z"
"58be1671eddacbc9013cb1a5","12","30.500000000000007","54.72224912050001","999","0","0","213","121","2017-03-07T02:28:03.000Z"
"58be1672eddacbc9013cb1a7","11","30.32","50.49276444800001","999","0","0","191","170","2017-03-07T02:28:03.000Z"
"58be168feddacbc9013cb1af","12","30.500000000000007","54.72224912050001","999","0","0","242","123","2017-03-07T02:28:33.000Z"
"58be1690eddacbc9013cb1b1","11","30.32","50.49276444800001","999","0","0","215","171","2017-03-07T02:28:33.000Z"
"58be16adeddacbc9013cb1b9","12","30.500000000000007","54.690350338000016","999","0","0","213","122","2017-03-07T02:29:03.000Z"
"58be16aeeddacbc9013cb1bb","11","30.32","50.49276444800001","999","0","0","191","170","2017-03-07T02:29:03.000Z"
"58be16cbeddacbc9013cb1c3","12","30.490000000000002","54.72083472050001","999","0","0","213","121","2017-03-07T02:29:33.000Z"
"58be16cceddacbc9013cb1c5","11","30.32","50.49276444800001","999","0","0","191","170","2017-03-07T02:29:33.000Z"
"58be16e9eddacbc9013cb1cd","12","30.500000000000007","54.690350338000016","999","0","0","213","121","2017-03-07T02:30:03.000Z"
"58be16eaeddacbc9013cb1cf","11","30.32","50.5250636605","999","0","0","191","170","2017-03-07T02:30:03.000Z"
"58be1707eddacbc9013cb1d7","12","30.490000000000002","54.65703556450001","999","0","0","242","123","2017-03-07T02:30:33.000Z"
"58be1708eddacbc9013cb1d9","11","30.32","50.5250636605","999","0","0","215","171","2017-03-07T02:30:33.000Z"
"58be1725eddacbc9013cb1e1","12","30.500000000000007","54.72224912050001","999","0","0","213","121","2017-03-07T02:31:03.000Z"
"58be1726eddacbc9013cb1e3","11","30.32","50.5250636605","999","0","0","191","170","2017-03-07T02:31:03.000Z"
"58be1743eddacbc9013cb1eb","12","30.490000000000002","54.752729512000016","999","0","0","213","121","2017-03-07T02:31:33.000Z"
"58be1744eddacbc9013cb1ed","11","30.32","50.49276444800001","999","0","0","191","170","2017-03-07T02:31:33.000Z"
"58be1761eddacbc9013cb1f5","12","30.500000000000007","54.75414471200001","999","0","0","213","121","2017-03-07T02:32:03.000Z"
"58be1762eddacbc9013cb1f7","11","30.31000000000001","50.52375326050001","999","0","0","191","170","2017-03-07T02:32:03.000Z"
"58be177feddacbc9013cb1ff","12","30.500000000000007","54.690350338000016","999","0","0","242","123","2017-03-07T02:32:33.000Z"
"58be1780eddacbc9013cb201","11","30.32","50.557359682000005","999","0","0","215","171","2017-03-07T02:32:33.000Z"
"58be179deddacbc9013cb209","12","30.500000000000007","54.75414471200001","999","0","0","213","121","2017-03-07T02:33:03.000Z"
"58be179eeddacbc9013cb20b","11","30.32","50.557359682000005","999","0","0","191","170","2017-03-07T02:33:03.000Z"
"58be17bbeddacbc9013cb213","12","30.500000000000007","54.75414471200001","999","0","0","213","121","2017-03-07T02:33:33.000Z"
"58be17bceddacbc9013cb215","11","30.32","50.557359682000005","999","0","0","191","170","2017-03-07T02:33:33.000Z"
"58be17d9eddacbc9013cb21d","12","30.500000000000007","54.72224912050001","999","0","0","213","122","2017-03-07T02:34:03.000Z"
"58be17daeddacbc9013cb21f","11","30.31000000000001","50.55604848200001","999","0","0","191","170","2017-03-07T02:34:03.000Z"
"58be17f7eddacbc9013cb227","12","30.509999999999998","54.75555991200002","999","0","0","242","123","2017-03-07T02:34:33.000Z"
"58be17f8eddacbc9013cb229","11","30.32","50.557359682000005","999","0","0","215","171","2017-03-07T02:34:33.000Z"
"58be1815eddacbc9013cb231","12","30.500000000000007","54.75414471200001","999","0","0","213","121","2017-03-07T02:35:03.000Z"
"58be1816eddacbc9013cb233","11","30.32","50.557359682000005","999","0","0","191","170","2017-03-07T02:35:03.000Z"
"58be1833eddacbc9013cb23b","12","30.509999999999998","54.69176393800001","999","0","0","213","121","2017-03-07T02:35:33.000Z"
"58be1834eddacbc9013cb23d","11","30.32","50.557359682000005","999","0","0","191","170","2017-03-07T02:35:33.000Z"
"58be1851eddacbc9013cb245","12","30.509999999999998","54.69176393800001","999","0","0","213","121","2017-03-07T02:36:03.000Z"
"58be1852eddacbc9013cb247","11","30.330000000000005","50.55867088200001","999","0","0","191","170","2017-03-07T02:36:03.000Z"
"58be186feddacbc9013cb24f","12","30.500000000000007","54.72224912050001","999","0","0","242","123","2017-03-07T02:36:33.000Z"
"58be1870eddacbc9013cb251","11","30.32","50.557359682000005","999","0","0","215","171","2017-03-07T02:36:33.000Z"
"58be188deddacbc9013cb259","12","30.500000000000007","54.72224912050001","999","0","0","213","121","2017-03-07T02:37:03.000Z"
"58be188eeddacbc9013cb25b","11","30.330000000000005","50.55867088200001","999","0","0","191","170","2017-03-07T02:37:03.000Z"
"58be18abeddacbc9013cb263","12","30.500000000000007","54.690350338000016","999","0","0","213","122","2017-03-07T02:37:33.000Z"
"58be18aceddacbc9013cb265","11","30.31000000000001","50.55604848200001","999","0","0","191","170","2017-03-07T02:37:33.000Z"
"58be18c9eddacbc9013cb26d","12","30.500000000000007","54.690350338000016","999","0","0","213","121","2017-03-07T02:38:03.000Z"
"58be18caeddacbc9013cb26f","11","30.32","50.557359682000005","999","0","0","191","170","2017-03-07T02:38:03.000Z"
"58be18e7eddacbc9013cb277","12","30.509999999999998","54.69176393800001","999","0","0","242","123","2017-03-07T02:38:33.000Z"
"58be18e8eddacbc9013cb279","11","30.32","50.557359682000005","999","0","0","215","171","2017-03-07T02:38:33.000Z"
"58be1905eddacbc9013cb281","12","30.509999999999998","54.72366352050001","999","0","0","213","121","2017-03-07T02:39:03.000Z"
"58be1906eddacbc9013cb283","11","30.330000000000005","50.55867088200001","999","0","0","191","170","2017-03-07T02:39:03.000Z"
"58be1923eddacbc9013cb28b","12","30.509999999999998","54.75555991200002","999","0","0","213","121","2017-03-07T02:39:33.000Z"
"58be1924eddacbc9013cb28d","11","30.32","50.5896525125","999","0","0","191","170","2017-03-07T02:39:33.000Z"
"58be1941eddacbc9013cb295","12","30.520000000000003","54.725077920500006","999","0","0","213","121","2017-03-07T02:40:03.000Z"
"58be1942eddacbc9013cb297","11","30.32","50.5896525125","999","0","0","191","170","2017-03-07T02:40:03.000Z"
"58be195feddacbc9013cb29f","12","30.500000000000007","54.690350338000016","999","0","0","242","123","2017-03-07T02:40:33.000Z"
"58be1960eddacbc9013cb2a1","11","30.32","50.557359682000005","999","0","0","215","171","2017-03-07T02:40:33.000Z"
"58be197deddacbc9013cb2a9","12","30.509999999999998","54.72366352050001","999","0","0","213","121","2017-03-07T02:41:03.000Z"
"58be197eeddacbc9013cb2ab","11","30.32","50.5896525125","999","0","0","191","170","2017-03-07T02:41:03.000Z"
"58be199beddacbc9013cb2b3","12","30.500000000000007","54.75414471200001","999","0","0","213","121","2017-03-07T02:41:33.000Z"
"58be199ceddacbc9013cb2b5","11","30.32","50.5896525125","999","0","0","191","170","2017-03-07T02:41:33.000Z"
"58be19b9eddacbc9013cb2bd","12","30.509999999999998","54.75555991200002","999","0","0","213","121","2017-03-07T02:42:03.000Z"
"58be19baeddacbc9013cb2bf","11","30.32","50.62194215200001","999","0","0","191","170","2017-03-07T02:42:03.000Z"
"58be19d7eddacbc9013cb2c7","12","30.509999999999998","54.75555991200002","999","0","0","242","123","2017-03-07T02:42:33.000Z"
"58be19d8eddacbc9013cb2c9","11","30.32","50.62194215200001","999","0","0","215","171","2017-03-07T02:42:33.000Z"
"58be19f5eddacbc9013cb2d1","12","30.509999999999998","54.85122994050001","999","0","0","213","121","2017-03-07T02:43:03.000Z"
"58be19f6eddacbc9013cb2d3","11","30.32","50.62194215200001","999","0","0","191","170","2017-03-07T02:43:03.000Z"
"58be1a13eddacbc9013cb2db","12","30.520000000000003","54.820759922000015","999","0","0","213","121","2017-03-07T02:43:33.000Z"
"58be1a14eddacbc9013cb2dd","11","30.32","50.62194215200001","999","0","0","191","170","2017-03-07T02:43:33.000Z"
"58be1a31eddacbc9013cb2e5","12","30.509999999999998","54.85122994050001","999","0","0","213","121","2017-03-07T02:44:03.000Z"
"58be1a32eddacbc9013cb2e7","11","30.32","50.62194215200001","999","0","0","191","170","2017-03-07T02:44:03.000Z"
"58be1a4feddacbc9013cb2ef","12","30.500000000000007","54.881695168000014","999","0","0","242","123","2017-03-07T02:44:33.000Z"
"58be1a50eddacbc9013cb2f1","11","30.32","50.62194215200001","999","0","0","215","171","2017-03-07T02:44:33.000Z"
"58be1a6deddacbc9013cb2f9","12","30.509999999999998","54.88311356800001","999","0","0","213","121","2017-03-07T02:45:03.000Z"
"58be1a6eeddacbc9013cb2fb","11","30.32","50.62194215200001","999","0","0","191","170","2017-03-07T02:45:03.000Z"
"58be1a8beddacbc9013cb303","12","30.520000000000003","54.88453196800001","999","0","0","213","122","2017-03-07T02:45:33.000Z"
"58be1a8ceddacbc9013cb305","11","30.32","50.62194215200001","999","0","0","191","170","2017-03-07T02:45:33.000Z"
"58be1aa9eddacbc9013cb30d","12","30.500000000000007","54.84981234050001","999","0","0","213","121","2017-03-07T02:46:03.000Z"
"58be1aaaeddacbc9013cb30f","11","30.32","50.654228600500005","999","0","0","191","170","2017-03-07T02:46:03.000Z"
"58be1ac7eddacbc9013cb317","12","30.509999999999998","54.91499400450001","999","0","0","242","123","2017-03-07T02:46:33.000Z"
"58be1ac8eddacbc9013cb319","11","30.32","50.654228600500005","999","0","0","215","172","2017-03-07T02:46:33.000Z"
"58be1ae5eddacbc9013cb321","12","30.509999999999998","54.946871250000015","999","0","0","213","121","2017-03-07T02:47:03.000Z"
"58be1ae6eddacbc9013cb323","11","30.31000000000001","50.65291500050001","999","0","0","191","170","2017-03-07T02:47:03.000Z"
"58be1b03eddacbc9013cb32b","12","30.509999999999998","54.946871250000015","999","0","0","213","121","2017-03-07T02:47:33.000Z"
"58be1b04eddacbc9013cb32d","11","30.32","50.68651185800001","999","0","0","191","170","2017-03-07T02:47:33.000Z"
"58be1b21eddacbc9013cb335","12","30.509999999999998","54.91499400450001","999","0","0","213","121","2017-03-07T02:48:03.000Z"
"58be1b22eddacbc9013cb337","11","30.32","50.68651185800001","999","0","0","191","170","2017-03-07T02:48:03.000Z"
"58be1b3feddacbc9013cb33f","12","30.509999999999998","54.97874530450001","999","0","0","242","123","2017-03-07T02:48:33.000Z"
"58be1b40eddacbc9013cb341","11","30.31000000000001","50.68519745800001","999","0","0","215","171","2017-03-07T02:48:33.000Z"
"58be1b5deddacbc9013cb349","12","30.520000000000003","54.88453196800001","999","0","0","213","121","2017-03-07T02:49:03.000Z"
"58be1b5eeddacbc9013cb34b","11","30.32","50.68651185800001","999","0","0","191","170","2017-03-07T02:49:03.000Z"
"58be1b7beddacbc9013cb353","12","30.520000000000003","54.85264754050001","999","0","0","213","121","2017-03-07T02:49:33.000Z"
"58be1b7ceddacbc9013cb355","11","30.32","50.68651185800001","999","0","0","191","170","2017-03-07T02:49:33.000Z"
"58be1b99eddacbc9013cb35d","12","30.520000000000003","54.88453196800001","999","0","0","213","121","2017-03-07T02:50:03.000Z"
"58be1b9aeddacbc9013cb35f","11","30.32","50.68651185800001","999","0","0","191","170","2017-03-07T02:50:03.000Z"
"58be1bb7eddacbc9013cb367","12","30.509999999999998","54.946871250000015","999","0","0","242","123","2017-03-07T02:50:33.000Z"
"58be1bb8eddacbc9013cb369","11","30.330000000000005","50.687826258000015","999","0","0","215","171","2017-03-07T02:50:33.000Z"
"58be1bd5eddacbc9013cb371","12","30.520000000000003","54.88453196800001","999","0","0","213","131","2017-03-07T02:51:03.000Z"
"58be1bd6eddacbc9013cb373","11","30.32","50.68651185800001","999","0","0","191","170","2017-03-07T02:51:03.000Z"
"58be1bf3eddacbc9013cb37b","12","30.509999999999998","54.88311356800001","999","0","0","236","118","2017-03-07T02:51:33.000Z"
"58be1bf4eddacbc9013cb37d","11","30.32","50.68651185800001","999","0","0","191","170","2017-03-07T02:51:33.000Z"
"58be1c11eddacbc9013cb385","12","30.520000000000003","54.91641320450001","999","0","0","213","121","2017-03-07T02:52:03.000Z"
"58be1c12eddacbc9013cb387","11","30.330000000000005","50.687826258000015","999","0","0","191","170","2017-03-07T02:52:03.000Z"
"58be1c2feddacbc9013cb38f","12","30.509999999999998","54.91499400450001","999","0","0","242","123","2017-03-07T02:52:33.000Z"
"58be1c30eddacbc9013cb391","11","30.32","50.7187919245","999","0","0","215","171","2017-03-07T02:52:33.000Z"
"58be1c4deddacbc9013cb399","12","30.509999999999998","54.946871250000015","999","0","0","236","119","2017-03-07T02:53:03.000Z"
"58be1c4eeddacbc9013cb39b","11","30.32","50.68651185800001","999","0","0","191","170","2017-03-07T02:53:03.000Z"
"58be1c6beddacbc9013cb3a3","12","30.520000000000003","54.98016610450001","999","0","0","214","132","2017-03-07T02:53:33.000Z"
"58be1c6ceddacbc9013cb3a5","11","30.32","50.7187919245","999","0","0","191","170","2017-03-07T02:53:33.000Z"
"58be1c89eddacbc9013cb3ad","12","30.520000000000003","54.98016610450001","999","0","0","213","121","2017-03-07T02:54:03.000Z"
"58be1c8aeddacbc9013cb3af","11","30.330000000000005","50.720107124500004","999","0","0","191","170","2017-03-07T02:54:03.000Z"
"58be1ca7eddacbc9013cb3b7","12","30.53000000000001","55.013459368000014","999","0","0","242","123","2017-03-07T02:54:33.000Z"
"58be1ca8eddacbc9013cb3b9","11","30.330000000000005","50.75238480000001","999","0","0","215","171","2017-03-07T02:54:33.000Z"
"58be1cc5eddacbc9013cb3c1","12","30.520000000000003","55.01203776800001","999","0","0","213","120","2017-03-07T02:55:03.000Z"
"58be1cc6eddacbc9013cb3c3","11","30.330000000000005","50.75238480000001","999","0","0","191","170","2017-03-07T02:55:03.000Z"
"58be1ce3eddacbc9013cb3cb","12","30.520000000000003","55.075771522000004","999","0","0","213","127","2017-03-07T02:55:33.000Z"
"58be1ce4eddacbc9013cb3cd","11","30.32","50.751068800000006","999","0","0","191","170","2017-03-07T02:55:33.000Z"
"58be1d01eddacbc9013cb3d5","12","30.509999999999998","55.042483840500005","999","0","0","218","131","2017-03-07T02:56:03.000Z"
"58be1d02eddacbc9013cb3d7","11","30.32","50.751068800000006","999","0","0","191","170","2017-03-07T02:56:03.000Z"
"58be1d1feddacbc9013cb3df","12","30.520000000000003","55.075771522000004","999","0","0","242","124","2017-03-07T02:56:33.000Z"
"58be1d20eddacbc9013cb3e1","11","30.32","50.751068800000006","999","0","0","215","171","2017-03-07T02:56:33.000Z"
"58be1d3deddacbc9013cb3e9","12","30.520000000000003","55.04390624050001","999","0","0","213","131","2017-03-07T02:57:03.000Z"
"58be1d3eeddacbc9013cb3eb","11","30.330000000000005","50.75238480000001","999","0","0","191","170","2017-03-07T02:57:03.000Z"
"58be1d5beddacbc9013cb3f3","12","30.520000000000003","54.98016610450001","999","0","0","213","133","2017-03-07T02:57:33.000Z"
"58be1d5ceddacbc9013cb3f5","11","30.32","50.751068800000006","999","0","0","191","170","2017-03-07T02:57:33.000Z"
"58be1d79eddacbc9013cb3fd","12","30.520000000000003","55.01203776800001","999","0","0","213","121","2017-03-07T02:58:03.000Z"
"58be1d7aeddacbc9013cb3ff","11","30.330000000000005","50.75238480000001","999","0","0","191","170","2017-03-07T02:58:03.000Z"
"58be1d97eddacbc9013cb407","12","30.509999999999998","54.97874530450001","999","0","0","213","120","2017-03-07T02:58:33.000Z"
"58be1d98eddacbc9013cb409","11","30.330000000000005","50.75238480000001","999","0","0","215","172","2017-03-07T02:58:33.000Z"
"58be1db5eddacbc9013cb411","12","30.509999999999998","55.01061616800001","999","0","0","50","130","2017-03-07T02:59:03.000Z"
"58be1db6eddacbc9013cb413","11","30.330000000000005","50.78465928450001","999","0","0","191","170","2017-03-07T02:59:03.000Z"
"58be1dd3eddacbc9013cb41b","12","30.509999999999998","55.01061616800001","999","0","0","214","120","2017-03-07T02:59:33.000Z"
"58be1dd4eddacbc9013cb41d","11","30.32","50.751068800000006","999","0","0","191","170","2017-03-07T02:59:33.000Z"
